CREATE DATABASE  IF NOT EXISTS `clima` /*!40100 DEFAULT CHARACTER SET utf8mb4 COLLATE utf8mb4_0900_ai_ci */ /*!80016 DEFAULT ENCRYPTION='N' */;
USE `clima`;
-- MySQL dump 10.13  Distrib 8.0.33, for macos13 (x86_64)
--
-- Host: 127.0.0.1    Database: clima
-- ------------------------------------------------------
-- Server version	8.0.33

/*!40101 SET @OLD_CHARACTER_SET_CLIENT=@@CHARACTER_SET_CLIENT */;
/*!40101 SET @OLD_CHARACTER_SET_RESULTS=@@CHARACTER_SET_RESULTS */;
/*!40101 SET @OLD_COLLATION_CONNECTION=@@COLLATION_CONNECTION */;
/*!50503 SET NAMES utf8 */;
/*!40103 SET @OLD_TIME_ZONE=@@TIME_ZONE */;
/*!40103 SET TIME_ZONE='+00:00' */;
/*!40014 SET @OLD_UNIQUE_CHECKS=@@UNIQUE_CHECKS, UNIQUE_CHECKS=0 */;
/*!40014 SET @OLD_FOREIGN_KEY_CHECKS=@@FOREIGN_KEY_CHECKS, FOREIGN_KEY_CHECKS=0 */;
/*!40101 SET @OLD_SQL_MODE=@@SQL_MODE, SQL_MODE='NO_AUTO_VALUE_ON_ZERO' */;
/*!40111 SET @OLD_SQL_NOTES=@@SQL_NOTES, SQL_NOTES=0 */;

--
-- Table structure for table `clima`
--

DROP TABLE IF EXISTS `clima`;
/*!40101 SET @saved_cs_client     = @@character_set_client */;
/*!50503 SET character_set_client = utf8mb4 */;
CREATE TABLE `clima` (
  `id` bigint DEFAULT NULL,
  `fecha` text,
  `indicativo` text,
  `p_mes` double DEFAULT NULL,
  `p_max` text,
  `w_med` double DEFAULT NULL,
  `tm_mes` double DEFAULT NULL,
  `tm_max` double DEFAULT NULL,
  `tm_min` double DEFAULT NULL,
  `n_cub` double DEFAULT NULL
) ENGINE=InnoDB DEFAULT CHARSET=utf8mb4 COLLATE=utf8mb4_0900_ai_ci;
/*!40101 SET character_set_client = @saved_cs_client */;

--
-- Dumping data for table `clima`
--

LOCK TABLES `clima` WRITE;
/*!40000 ALTER TABLE `clima` DISABLE KEYS */;
INSERT INTO `clima` VALUES (0,'2019-1','6302A',4.7,'2.4(19)',7,NULL,NULL,NULL,NULL),(1,'2019-2','6302A',4.2,'4.1(01)',NULL,NULL,NULL,NULL,NULL),(2,'2019-3','6302A',6.2,'3.0(30)',NULL,NULL,NULL,NULL,NULL),(3,'2019-4','6302A',53.1,'17.0(18)',8,13.5,19.1,7.8,NULL),(4,'2019-5','6302A',3.9,'3.9(03)',8,19.4,25.7,13.1,NULL),(5,'2019-6','6302A',2.2,'2.2(13)',11,NULL,NULL,NULL,NULL),(6,'2019-7','6302A',0.3,'0.3(07)',11,26.4,32.8,19.9,NULL),(7,'2019-8','6302A',1.9,'1.8(31)',10,26.2,32.6,19.7,NULL),(8,'2019-9','6302A',44.6,'28.5(12)',7,22.1,27.7,16.6,NULL),(9,'2019-10','6302A',10.9,'4.8(19)',5,18.8,24.8,12.7,NULL),(10,'2019-11','6302A',18.5,'8.9(17)',8,12.3,16.8,7.7,NULL),(11,'2019-12','6302A',20.9,'12.1(02)',6,12.1,17.3,6.9,NULL),(12,'2020-1','6302A',21.3,'6.6(20)',5,9.6,14.9,4.2,NULL),(13,'2020-2','6302A',0,'0.0(--)',5,13.7,20.1,7.2,NULL),(14,'2020-3','6302A',31.7,'8.5(23)',8,13.2,18.5,7.9,NULL),(15,'2020-4','6302A',34.5,'12.1(13)',8,13.9,18.7,9,NULL),(16,'2020-5','6302A',11.1,'8.6(12)',9,20,26.1,13.9,NULL),(17,'2020-6','6302A',0,'0.0(--)',9,23.1,29.5,16.6,NULL),(18,'2020-7','6302A',0,'0.0(--)',11,NULL,NULL,NULL,NULL),(19,'2020-8','6302A',0.7,'0.7(01)',10,26.9,33.4,20.3,NULL),(20,'2020-9','6302A',10.4,'6.2(18)',9,21.9,28.1,15.7,NULL),(21,'2020-10','6302A',6.2,'2.9(22)',7,17.2,23.8,10.6,NULL),(22,'2020-11','6302A',75.8,'37.8(05)',6,13.9,19.2,8.6,NULL),(23,'2020-12','6302A',2.8,'1.6(08)',7,10.5,15.8,5.1,NULL),(24,'2021-1','6302A',53.2,'23.6(08)',7,9.8,15.1,4.6,NULL),(25,'2021-2','6302A',7.9,'4.2(21)',6,12.5,18.1,6.9,NULL),(26,'2021-3','6302A',21.8,'13.9(06)',5,12.4,18,6.7,NULL),(27,'2021-4','6302A',45.9,'13.5(15)',5,14.3,19.4,9.1,NULL),(28,'2021-5','6302A',38.8,'21.8(23)',6,18.8,25.3,12.3,NULL),(29,'2021-6','6302A',21.5,'10.0(05)',8,22.5,28.9,16,NULL),(30,'2021-7','6302A',0.6,'0.6(26)',8,27,33.9,20,NULL),(31,'2021-8','6302A',0.5,'0.3(16)',8,26.7,32.9,20.4,NULL),(32,'2021-9','6302A',4.4,'2.2(24)',8,NULL,NULL,NULL,NULL),(33,'2021-10','6302A',4.5,'4.2(22)',6,18.2,23.9,12.5,2),(34,'2021-11','6302A',16.3,'7.0(20)',8,11.4,16.4,6.3,4),(35,'2021-12','6302A',4.4,'2.9(24)',8,11.7,16.9,6.5,5),(36,'2022-1','6302A',11,'5.8(26)',7,9.3,14.6,3.9,4),(37,'2022-2','6302A',8.3,'5.9(24)',7,11.5,17.5,5.5,5),(38,'2022-3','6302A',116.9,'25.5(24)',8,10.9,15.1,6.6,17),(39,'2022-4','6302A',60.4,'25.7(05)',7,13.4,18.9,7.9,11),(40,'2022-5','6302A',NULL,NULL,NULL,NULL,NULL,NULL,4),(41,'2022-6','6302A',NULL,NULL,8,NULL,NULL,NULL,2),(42,'2022-7','6302A',0,'0.0(--)',9,26.6,33.2,19.9,0),(43,'2022-8','6302A',8.8,'4.4(30)',9,26.1,32.8,19.3,3),(44,'2022-9','6302A',5.6,'1.6(12)',NULL,NULL,NULL,NULL,5),(45,'2022-10','6302A',NULL,NULL,5,NULL,NULL,NULL,13),(46,'2022-11','6302A',NULL,NULL,NULL,NULL,NULL,NULL,6),(47,'2022-12','6302A',44.4,'21.3(09)',4,12.9,18.4,7.3,7),(48,'2019-1','1387',109.2,'20.6(19)',14,10.2,12.8,7.6,NULL),(49,'2019-2','1387',48,'18.6(17)',11,12.8,16.5,9.1,NULL),(50,'2019-3','1387',46.9,'15.2(05)',14,12.8,16.2,9.4,NULL),(51,'2019-4','1387',112.2,'15.8(07)',14,13,16.2,9.9,NULL),(52,'2019-5','1387',41.8,'32.4(09)',15,15.5,18.8,12.2,NULL),(53,'2019-6','1387',61.8,'25.6(06)',12,16.6,19.4,13.7,NULL),(54,'2019-7','1387',11,'4.8(26)',13,19.3,22.1,16.4,NULL),(55,'2019-8','1387',27.4,'17.4(17)',13,20.3,23.3,17.3,NULL),(56,'2019-9','1387',19,'6.6(23)',14,19,22.2,15.8,NULL),(57,'2019-10','1387',142.4,'26.4(13)',10,16.8,19.5,14.1,NULL),(58,'2019-11','1387',231.8,'27.2(12)',19,12.9,15,10.8,NULL),(59,'2019-12','1387',192,'50.0(18)',14,12.1,14.8,9.5,NULL),(60,'2020-1','1387',119.3,'48.2(16)',13,11.5,14.1,8.9,NULL),(61,'2020-2','1387',47.1,'19.6(28)',14,13.3,16.1,10.5,NULL),(62,'2020-3','1387',114,'38.0(01)',16,12.5,15.1,9.8,NULL),(63,'2020-4','1387',73,'12.6(05)',11,14.4,17.3,11.6,NULL),(64,'2020-5','1387',8.4,'3.8(09)',13,17.6,21,14.2,NULL),(65,'2020-6','1387',39.4,'14.6(12)',13,17.6,20.3,14.9,NULL),(66,'2020-7','1387',1.4,'0.8(01)',14,19.5,22.7,16.3,NULL),(67,'2020-8','1387',108,'62.2(11)',12,20.2,23.1,17.2,NULL),(68,'2020-9','1387',39,'18.0(17)',11,19.5,23,15.9,NULL),(69,'2020-10','1387',123,'26.6(24)',14,16,18.7,13.2,NULL),(70,'2020-11','1387',65.1,'18.8(24)',11,14.8,17.8,11.7,NULL),(71,'2020-12','1387',218.8,'39.8(15)',18,11.6,13.7,9.5,NULL),(72,'2021-1','1387',143.2,'20.8(24)',14,10.2,12.7,7.7,NULL),(73,'2021-2','1387',181.2,'40.0(11)',16,12.8,15.4,10.2,NULL),(74,'2021-3','1387',14.8,'8.6(11)',13,12.6,16.1,9.1,NULL),(75,'2021-4','1387',85.3,'24.6(25)',13,14,17.6,10.4,NULL),(76,'2021-5','1387',100.8,'22.6(14)',15,14.8,17.9,11.7,NULL),(77,'2021-6','1387',101.4,'45.4(17)',13,16.6,19.3,13.9,NULL),(78,'2021-7','1387',24.7,'7.8(23)',12,19.1,21.9,16.2,NULL),(79,'2021-8','1387',14.6,'12.2(03)',12,19.9,23.2,16.6,NULL),(80,'2021-9','1387',68,'22.8(06)',10,19.6,22.8,16.3,NULL),(81,'2021-10','1387',100,'28.8(02)',NULL,16.9,20.4,13.4,NULL),(82,'2021-11','1387',104.2,'21.2(02)',NULL,12.4,15.2,9.6,NULL),(83,'2021-12','1387',94.8,'19.0(07)',NULL,13.7,16.3,11,NULL),(84,'2022-1','1387',54.2,'30.8(03)',11,11.4,14.6,8.1,NULL),(85,'2022-2','1387',44,'13.8(13)',12,11.9,15.1,8.7,NULL),(86,'2022-3','1387',105.4,'23.0(02)',NULL,12.8,16.1,9.5,NULL),(87,'2022-4','1387',40.4,'8.2(08)',NULL,13.2,16.4,10.1,NULL),(88,'2022-5','1387',26.6,'14.8(31)',12,17,20.2,13.7,NULL),(89,'2022-6','1387',50.2,'19.0(19)',13,18.2,21.2,15.2,NULL),(90,'2022-7','1387',1.8,'1.4(14)',13,20.4,24,16.7,NULL),(91,'2022-8','1387',6.6,'4.4(16)',12,20.2,23.3,17,5),(92,'2022-9','1387',62.2,'27.2(04)',12,19.6,22.8,16.4,3),(93,'2022-10','1387',150,'41.0(15)',12,18.3,21.1,15.4,9),(94,'2022-11','1387',162.4,'20.8(22)',14,14.9,17.7,12.1,10),(95,'2022-12','1387',199.4,'72.8(23)',13,13.2,15.7,10.7,13),(96,'2019-1','4642E',30,'19.2(31)',9,11.1,17.3,4.8,NULL),(97,'2019-2','4642E',1.6,'1.2(18)',9,13.1,19.9,6.2,NULL),(98,'2019-3','4642E',9.4,'7.2(07)',12,15.7,22.7,8.6,NULL),(99,'2019-4','4642E',43.6,'13.2(04)',14,16.2,22.1,10.3,NULL),(100,'2019-5','4642E',0,'0.0(--)',15,21.5,28.4,14.6,NULL),(101,'2019-6','4642E',0,'0.0(--)',16,21.7,28,15.4,NULL),(102,'2019-7','4642E',0,'0.0(--)',16,24.6,30.6,18.5,NULL),(103,'2019-8','4642E',0,'0.0(--)',14,26.7,33.8,19.6,NULL),(104,'2019-9','4642E',7,'5.8(21)',13,23.9,30.2,17.5,NULL),(105,'2019-10','4642E',16,'11.2(19)',11,19.9,26.2,13.5,NULL),(106,'2019-11','4642E',31.8,'10.2(22)',12,15.4,19.8,11,NULL),(107,'2019-12','4642E',96.2,'37.6(19)',11,14,19,9,NULL),(108,'2020-1','4642E',67.6,'27.4(22)',8,11.8,16.8,6.9,NULL),(109,'2020-2','4642E',0.2,'0.2(09)',9,15.1,21.5,8.7,NULL),(110,'2020-3','4642E',58,'15.2(30)',12,15,20.8,9.3,NULL),(111,'2020-4','4642E',65.4,'12.4(27)',13,17,21.5,12.4,NULL),(112,'2020-5','4642E',58.8,'19.2(13)',13,21.5,27.4,15.6,NULL),(113,'2020-6','4642E',1.2,'1.0(04)',16,22.7,28.8,16.7,NULL),(114,'2020-7','4642E',0,'0.0(--)',13,27.5,33.9,20.9,NULL),(115,'2020-8','4642E',0,'0.0(--)',14,26.8,33.8,19.8,NULL),(116,'2020-9','4642E',18.4,'18.4(18)',12,24.1,30.3,17.8,NULL),(117,'2020-10','4642E',43.6,'25.0(20)',11,18.8,25.3,12.3,NULL),(118,'2020-11','4642E',196,'77.6(04)',9,16.7,21.3,12.2,NULL),(119,'2020-12','4642E',17.8,'8.4(19)',10,12.6,17.1,8.1,NULL),(120,'2021-1','4642E',26.8,'7.4(08)',10,10.6,15.5,5.7,NULL),(121,'2021-2','4642E',62,'17.0(05)',12,13.9,18.3,9.5,NULL),(122,'2021-3','4642E',17.2,'11.8(04)',10,15.2,21.5,8.8,NULL),(123,'2021-4','4642E',21.6,'7.4(26)',13,17.7,22.7,12.7,NULL),(124,'2021-5','4642E',9.6,'9.4(09)',12,20.5,27.6,13.4,NULL),(125,'2021-6','4642E',0,'0.0(--)',15,22.5,28.7,16.2,NULL),(126,'2021-7','4642E',0,'0.0(--)',14,25.9,33.1,18.7,NULL),(127,'2021-8','4642E',0,'0.0(--)',14,26.3,32.8,19.7,NULL),(128,'2021-9','4642E',18.2,'15.4(14)',13,24,29.8,18,NULL),(129,'2021-10','4642E',8.2,'4.2(29)',11,21.3,27.6,14.9,3),(130,'2021-11','4642E',21.8,'18.4(20)',9,14,20.1,7.9,2),(131,'2021-12','4642E',68.2,'25.8(24)',10,14.1,19,9.2,8),(132,'2022-1','4642E',2.4,'1.6(24)',8,12.3,18.3,6.3,1),(133,'2022-2','4642E',5.8,'2.6(04)',8,14.2,20.7,7.7,4),(134,'2022-3','4642E',97.9,'38.4(23)',11,14.4,19.1,9.6,16),(135,'2022-4','4642E',33.4,'10.6(22)',14,16.3,22.2,10.5,5),(136,'2022-5','4642E',15.2,'14.4(02)',12,21.7,28.4,15,7),(137,'2022-6','4642E',0.2,'0.2(15)',15,24.3,30.8,17.8,0),(138,'2022-7','4642E',0,'0.0(--)',14,28,35.3,20.6,1),(139,'2022-8','4642E',4.2,'2.6(13)',13,25.6,31.9,19.2,0),(140,'2022-9','4642E',19,'18.6(12)',NULL,23.7,29.5,17.9,2),(141,'2022-10','4642E',42.2,'18.8(20)',11,21.9,27.4,16.5,12),(142,'2022-11','4642E',29.8,'15.4(30)',10,16.8,22,11.5,7),(143,'2022-12','4642E',182.2,'79.2(07)',10,15,19.4,10.7,8),(144,'2019-1','367',11.7,'5.5(20)',8,6.1,13.5,-1.3,2),(145,'2019-2','367',0.8,'0.3(01)',8,9.3,17.8,0.9,3),(146,'2019-3','367',5.6,'4.1(13)',11,11.6,19.3,3.9,3),(147,'2019-4','367',47,'15.9(02)',14,12.8,18.8,6.8,9),(148,'2019-5','367',66.8,'12.3(03)',13,15.3,22.2,8.4,8),(149,'2019-6','367',14.6,'12.6(11)',14,22,30.4,13.5,3),(150,'2019-7','367',56.2,'26.9(09)',14,25.6,32.5,18.5,2),(151,'2019-8','367',7.2,'2.4(27)',14,25.3,32.8,17.8,1),(152,'2019-9','367',53.7,'14.6(09)',10,21.4,28.2,14.5,6),(153,'2019-10','367',108.1,'85.7(22)',10,17.9,24.3,11.4,NULL),(154,'2019-11','367',34.8,'24.7(22)',9,10.4,16.7,3.9,NULL),(155,'2019-12','367',81.5,'69.8(04)',9,9.8,15.7,3.9,NULL),(156,'2020-1','367',240.7,'107.6(20)',11,8,14.4,1.6,6),(157,'2020-2','367',6.7,'5.0(11)',9,11,17.9,4,5),(158,'2020-3','367',79.9,'30.4(16)',10,10.7,16.6,4.8,13),(159,'2020-4','367',173,'63.6(21)',14,13.7,19.4,8,13),(160,'2020-5','367',36.6,'23.4(14)',12,19.1,26.3,11.9,6),(161,'2020-6','367',145.8,'26.9(03)',13,19.8,25.8,13.8,8),(162,'2020-7','367',69.7,'25.5(02)',11,NULL,NULL,NULL,5),(163,'2020-8','367',27.9,'17.7(13)',12,25.2,32.5,17.8,2),(164,'2020-9','367',73.2,'31.4(01)',9,21.4,28.3,14.4,3),(165,'2020-10','367',45.9,'18.9(14)',8,15,21.8,8,9),(166,'2020-11','367',148.9,'76.8(27)',8,12.6,18.7,6.4,8),(167,'2020-12','367',5.8,'2.6(18)',9,8.1,14.2,1.9,4),(168,'2021-1','367',27.1,'16.8(09)',9,6.4,13,-0.2,7),(169,'2021-2','367',24.9,'9.7(06)',10,11,16.8,5.2,12),(170,'2021-3','367',10.5,'3.5(05)',10,10.2,17.2,3.2,10),(171,'2021-4','367',51.5,'23.4(11)',11,12.1,18.5,5.6,12),(172,'2021-5','367',71.1,'24.4(11)',13,16.3,22.8,9.7,13),(173,'2021-6','367',2.9,'1.4(07)',14,23,30.6,15.3,5),(174,'2021-7','367',13.7,'9.1(31)',15,24.6,32.1,17.1,3),(175,'2021-8','367',23.4,'14.1(04)',13,24.4,31.5,17.3,3),(176,'2021-9','367',125.1,'56.4(03)',11,22.3,28,16.5,3),(177,'2021-10','367',17.6,'15.0(03)',9,16.5,23,9.9,5),(178,'2021-11','367',103.4,'31.8(23)',10,10.5,16.2,4.8,7),(179,'2021-12','367',1.9,'1.4(02)',6,9,16.1,1.9,1),(180,'2022-1','367',4.2,'2.6(04)',6,6.5,15.2,-2.4,3),(181,'2022-2','367',3.8,'2.3(14)',9,9.5,17.4,1.6,5),(182,'2022-3','367',139,'45.8(12)',12,10.7,15,6.4,20),(183,'2022-4','367',60.8,'38.2(20)',13,13.1,19.6,6.6,5),(184,'2022-5','367',44.3,'17.5(24)',13,19.2,26.8,11.6,6),(185,'2022-6','367',14.8,'6.7(22)',14,24.9,32.9,16.9,2),(186,'2022-7','367',3.5,'1.8(06)',14,27,35.1,18.9,2),(187,'2022-8','367',77.7,'39.2(18)',12,26.7,34.6,18.8,1),(188,'2022-9','367',69.5,'18.0(23)',12,21.9,28.3,15.5,3),(189,'2022-10','367',39.9,'37.6(07)',9,19.5,25.7,13.2,7),(190,'2022-11','367',34.8,'14.4(21)',8,13.1,19.4,6.8,7),(191,'2022-12','367',27.3,'11.9(15)',8,10.6,16.5,4.7,3),(192,'2019-1','5973',29,'12.0(31)',12,12.8,16.3,9.4,NULL),(193,'2019-2','5973',0.9,'0.8(01)',20,14.4,17.6,11.2,NULL),(194,'2019-3','5973',9.4,'4.7(07)',19,16.5,19.8,13.2,NULL),(195,'2019-4','5973',41.1,'11.8(04)',16,16.9,20,13.8,NULL),(196,'2019-5','5973',0,'0.0(--)',21,20.8,24,17.7,NULL),(197,'2019-6','5973',0.9,'0.9(06)',16,21.4,24.1,18.7,NULL),(198,'2019-7','5973',0,'0.0(--)',14,23.7,26.4,21.1,NULL),(199,'2019-8','5973',0,'0.0(--)',NULL,24.8,27.9,21.7,NULL),(200,'2019-9','5973',1.8,'1.1(21)',14,23.6,26.6,20.6,NULL),(201,'2019-10','5973',12.7,'8.0(19)',12,20.4,23.1,17.7,NULL),(202,'2019-11','5973',44.1,'12.7(21)',14,16.2,18.4,14,NULL),(203,'2019-12','5973',43.3,'17.6(19)',15,15.3,17.8,12.6,NULL),(204,'2020-1','5973',85,'32.2(22)',10,13.3,16.4,10.1,NULL),(205,'2020-2','5973',3.9,'2.6(29)',14,16.1,19.2,13,NULL),(206,'2020-3','5973',126,'50.4(17)',15,16.1,19.1,13,NULL),(207,'2020-4','5973',42.3,'11.9(24)',18,17.6,20.2,14.8,NULL),(208,'2020-5','5973',85.7,'32.1(11)',20,21.3,24.5,18,NULL),(209,'2020-6','5973',3.1,'2.4(04)',14,22.4,24.9,19.8,NULL),(210,'2020-7','5973',0,'0.0(--)',15,26.5,29.5,23.3,NULL),(211,'2020-8','5973',1.2,'1.1(10)',15,25.6,28.4,22.6,NULL),(212,'2020-9','5973',6.2,'4.2(18)',17,24.5,27.5,21.5,NULL),(213,'2020-10','5973',56.3,'40.1(21)',13,19.8,23.1,16.5,NULL),(214,'2020-11','5973',170.9,'50.3(28)',16,18.4,21.1,15.5,NULL),(215,'2020-12','5973',49.3,'26.8(16)',13,14.7,17.2,12.1,NULL),(216,'2021-1','5973',135.3,'45.0(20)',11,12.1,14.7,9.4,NULL),(217,'2021-2','5973',63.8,'13.2(25)',17,15.6,18.1,13,NULL),(218,'2021-3','5973',16.2,'8.3(06)',19,16.2,19.4,12.9,NULL),(219,'2021-4','5973',8.2,'3.3(21)',18,18.3,20.7,15.9,NULL),(220,'2021-5','5973',3,'2.4(10)',18,20.5,23.7,17.3,NULL),(221,'2021-6','5973',13,'12.2(18)',16,22.5,25.1,19.8,NULL),(222,'2021-7','5973',0,'0.0(--)',18,24.6,27.4,21.7,NULL),(223,'2021-8','5973',1,'1.0(24)',14,25,27.6,22.4,NULL),(224,'2021-9','5973',17.4,'9.8(13)',15,24,26.8,21.2,NULL),(225,'2021-10','5973',10.2,'5.0(29)',17,21.8,25.1,18.6,3),(226,'2021-11','5973',15,'5.6(20)',15,15.4,18.6,12.3,4),(227,'2021-12','5973',142,'73.0(23)',19,15.3,17.5,13,5),(228,'2022-1','5973',3.6,'1.8(24)',20,13.9,16.8,11,3),(229,'2022-2','5973',3.4,'3.0(13)',18,15.3,18.4,12.1,1),(230,'2022-3','5973',154.2,'31.8(23)',18,15.1,17.7,12.5,12),(231,'2022-4','5973',41.8,'21.8(04)',17,16.9,20,13.7,6),(232,'2022-5','5973',0.2,'0.2(04)',19,21.8,25.2,18.3,NULL),(233,'2022-6','5973',0,'0.0(--)',18,23.4,26.2,20.6,1),(234,'2022-7','5973',0,'0.0(--)',20,27.2,30.6,23.7,0),(235,'2022-8','5973',0.2,'0.2(12)',14,25.4,28.1,22.6,2),(236,'2022-9','5973',4.3,'2.0(12)',14,23.1,25.6,20.6,4),(237,'2022-10','5973',9.4,'7.0(11)',15,22.7,25.6,19.7,12),(238,'2022-11','5973',55.2,'18.6(15)',12,18.3,21,15.4,6),(239,'2022-12','5973',180.8,'35.2(13)',13,16.7,19.3,14.1,8);
/*!40000 ALTER TABLE `clima` ENABLE KEYS */;
UNLOCK TABLES;

--
-- Table structure for table `explotaciones`
--

DROP TABLE IF EXISTS `explotaciones`;
/*!40101 SET @saved_cs_client     = @@character_set_client */;
/*!50503 SET character_set_client = utf8mb4 */;
CREATE TABLE `explotaciones` (
  `codigo_provincia` bigint DEFAULT NULL,
  `provincia` text,
  `sau_aire_libre` double DEFAULT NULL,
  `sau_aire_libre_uds` bigint DEFAULT NULL,
  `tierra_arable` double DEFAULT NULL,
  `tierra_arable_uds` bigint DEFAULT NULL,
  `cultivos_lenyosos` double DEFAULT NULL,
  `cultivos_lenyosos_uds` bigint DEFAULT NULL,
  `pastos` double DEFAULT NULL,
  `pastos_uds` bigint DEFAULT NULL,
  `autoconsumo` double DEFAULT NULL,
  `autoconsumo_uds` bigint DEFAULT NULL,
  `sau_invernadero` double DEFAULT NULL,
  `sau_invernadero_uds` bigint DEFAULT NULL
) ENGINE=InnoDB DEFAULT CHARSET=utf8mb4 COLLATE=utf8mb4_0900_ai_ci;
/*!40101 SET character_set_client = @saved_cs_client */;

--
-- Dumping data for table `explotaciones`
--

LOCK TABLES `explotaciones` WRITE;
/*!40000 ALTER TABLE `explotaciones` DISABLE KEYS */;
INSERT INTO `explotaciones` VALUES (13385,'almeria',173438.78,11690,48938.64,3955,74666.68,9442,49783.24,3840,50.22,1765,29942.22,16256),(13386,'cadiz',447376,10047,248128.66,5810,45274.71,5355,153949.17,2770,23.46,831,586.23,820),(13424,'a_coruna',169406.51,20792,82744.98,16930,1425.96,3176,84960.61,17795,274.96,9608,190.56,703),(13389,'huelva',372209.91,10737,85255.61,4730,63551.47,7430,223373.8,3473,29.03,978,11868.19,1500),(13416,'girona',166100.88,5001,91143.59,3898,10699.07,1959,64227.63,1410,30.59,1208,101.04,116);
/*!40000 ALTER TABLE `explotaciones` ENABLE KEYS */;
UNLOCK TABLES;

--
-- Table structure for table `leyenda`
--

DROP TABLE IF EXISTS `leyenda`;
/*!40101 SET @saved_cs_client     = @@character_set_client */;
/*!50503 SET character_set_client = utf8mb4 */;
CREATE TABLE `leyenda` (
  `Columna` text,
  `Descripcion` text
) ENGINE=InnoDB DEFAULT CHARSET=utf8mb4 COLLATE=utf8mb4_0900_ai_ci;
/*!40101 SET character_set_client = @saved_cs_client */;

--
-- Dumping data for table `leyenda`
--

LOCK TABLES `leyenda` WRITE;
/*!40000 ALTER TABLE `leyenda` DISABLE KEYS */;
INSERT INTO `leyenda` VALUES ('fecha','La fecha del pronostico.'),('indicativo','Estacion meteorologica'),('p_mes','La precipitacion media mensual'),('p_max','La precipitacion maxima y dia'),('w_med','La velocidad media del viento'),('w_racha','La racha maxima de viento y el dia.'),('hr','La humedad relativa media (%)'),('tm_mes','La temperatura media del aire.'),('tm_max','La temperatura maxima media del aire'),('tm_min','La temperatura minima media del aire'),('q_med','La humedad media'),('q_max','La humedad maxima media '),('q_min','La humedad minima prevista para el dia.'),('n_cub','El porcentaje medio de cobertura nubosa');
/*!40000 ALTER TABLE `leyenda` ENABLE KEYS */;
UNLOCK TABLES;

--
-- Table structure for table `provincias`
--

DROP TABLE IF EXISTS `provincias`;
/*!40101 SET @saved_cs_client     = @@character_set_client */;
/*!50503 SET character_set_client = utf8mb4 */;
CREATE TABLE `provincias` (
  `codigo_provincia` bigint DEFAULT NULL,
  `comunidad_autonoma` text,
  `provincia` text,
  `indicativo` text,
  `superficie_km2` double DEFAULT NULL,
  `habitantes` bigint DEFAULT NULL,
  `densidad` double DEFAULT NULL
) ENGINE=InnoDB DEFAULT CHARSET=utf8mb4 COLLATE=utf8mb4_0900_ai_ci;
/*!40101 SET character_set_client = @saved_cs_client */;

--
-- Dumping data for table `provincias`
--

LOCK TABLES `provincias` WRITE;
/*!40000 ALTER TABLE `provincias` DISABLE KEYS */;
INSERT INTO `provincias` VALUES (13424,'Galicia','A_Coruna','1387',7949.94,1119596,140.83),(13385,'Andalucía','Almería','6302A',8773.78,716820,81.7),(13386,'Andalucía','Cádiz','5973',7338.13,1240155,169),(13416,'Cataluña','Girona','0367',5908.19,771044,130.5),(13389,'Andalucía','Huelva','4642E',10185.66,521870,51.24);
/*!40000 ALTER TABLE `provincias` ENABLE KEYS */;
UNLOCK TABLES;
/*!40103 SET TIME_ZONE=@OLD_TIME_ZONE */;

/*!40101 SET SQL_MODE=@OLD_SQL_MODE */;
/*!40014 SET FOREIGN_KEY_CHECKS=@OLD_FOREIGN_KEY_CHECKS */;
/*!40014 SET UNIQUE_CHECKS=@OLD_UNIQUE_CHECKS */;
/*!40101 SET CHARACTER_SET_CLIENT=@OLD_CHARACTER_SET_CLIENT */;
/*!40101 SET CHARACTER_SET_RESULTS=@OLD_CHARACTER_SET_RESULTS */;
/*!40101 SET COLLATION_CONNECTION=@OLD_COLLATION_CONNECTION */;
/*!40111 SET SQL_NOTES=@OLD_SQL_NOTES */;

-- Dump completed on 2023-08-06 11:05:00
